"Id","Tên","Facebook","Trạng thái kích hoạt"
"17","Khánh","facebôk","1"
"16","test frontend","facebôk","1"
"15","Khánh tesst up 3 anh backend","facebôk","1"
"14","tesst 3 anh","facebôk","1"
"13","Khánh tesst 3 anh","facebôk","1"
"12","Khánh","facebôk","1"
"11","khanh test 3 anh","facebôk","1"
"10","test frontend 77","facebôk","1"
"9","test frontend 56","facebôk","1"
"8","test  dasd asdasd ","df","1"
"7","test frontendfsdfdsfsd","df","1"
"6","tesst2 33434","sdfsdf","1"
"5","Khánh","sdfsdfsd","1"
"4","Khánh","sdfsdfsd","1"
"3","Khánh","facebôk","1"
"2","","","1"
"1","khanh dfdfdf","http://facebook.com","1"
